year,country,Females-at-birth,Females-at-age-40,Females-at-age-60,Females-at-age-65,Females-at-age-80,Males-at-birth,Males-at-age-40,Males-at-age-60,Males-at-age-65,Males-at-age-80,Total-population-at-birth
2010,Australia,84,44.9,26.2,21.8,10.1,79.5,41,23,18.9,8.5,81.7
2010,Austria,83.5,44.3,25.7,21.4,9.8,77.8,39.3,21.6,17.9,8.1,80.7
2010,Belgium,83,43.9,25.5,21.3,9.9,77.5,39,21.4,17.6,8,80.3
2010,Canada,83.5,44.6,26,21.7,10.4,79.2,40.8,22.8,18.7,8.7,81.4
2010,Chile,81.7,43.1,24.7,20.5,9.9,75.9,38.2,21,17.2,8.2,78.7
2010,Colombia,77.9,41,23,18.9,9.2,70.8,37,20.2,16.6,8.1,74.3
2010,Costa Rica,81.6,43.3,24.9,20.7,10,76.6,39.5,22.1,18.2,8.9,79.1
2010,Czechia,80.9,41.6,23.2,19,8.4,74.5,35.9,18.9,15.5,6.9,77.7
2010,Denmark,81.4,42.1,23.8,19.7,9.1,77.2,38.3,20.8,17,7.5,79.3
2010,Estonia,80.8,41.8,23.5,19.5,8.9,70.9,33.3,17.4,14.3,6.7,76.0
2010,Finland,83.5,44.3,25.8,21.5,9.8,76.9,38.5,21.2,17.5,7.9,80.2
2010,France,85.3,46.2,27.8,23.4,11.5,78.3,39.8,22.7,18.9,8.9,81.9
2010,Germany,83,43.7,25.2,20.9,9.5,78,39.2,21.6,17.8,8.4,80.5
2010,Greece,83.3,44.2,25.4,21,9.1,78,39.6,22.1,18.2,8.3,80.6
2010,Hungary,78.6,39.6,22.1,18.2,8.1,70.7,32.2,17,14.1,7,74.7
2010,Iceland,84.1,44.9,25.9,21.5,10,79.8,41.1,22.7,18.3,7.8,81.9
2010,Ireland,83.1,43.8,25.1,20.8,9.7,78.5,39.9,21.7,17.7,7.7,80.8
2010,Israel,83.6,44.4,25.5,21.2,9.7,79.7,41.1,22.9,18.9,8.8,81.7
2010,Italy,84.7,45.4,26.6,22.1,10.3,79.5,40.6,22.4,18.3,8.1,82.2
2010,Japan,86.3,47.1,28.3,23.8,11.5,79.6,40.7,22.8,18.7,8.4,82.9
2010,Korea,83.6,44.6,25.7,21.2,9.5,76.8,38.2,20.8,16.8,7.4,80.2
2010,Latvia,78,39.5,21.9,18.1,8,67.9,30.5,15.9,13.1,6.5,73.1
2010,Lithuania,78.9,40.2,22.7,18.8,8.2,67.6,30.7,16.4,13.8,6.7,73.3
2010,Luxembourg,83.5,44.3,25.9,21.6,10,77.9,39.1,21.3,17.3,7.4,80.8
2010,Mexico,77.9,40.4,22.7,18.8,9.4,71.6,36.2,20,16.6,8.4,74.8
2010,Netherlands,83,43.7,25.3,21,9.7,78.9,40,21.8,17.7,7.9,81.0
2010,New Zealand,82.7,43.9,25.3,21,9.7,78.9,40.6,22.6,18.5,8.2,80.8
2010,Norway,83.3,44.1,25.5,21.2,9.8,79,40.3,22.1,18,7.9,81.2
2010,Poland,80.7,41.7,23.6,19.5,8.9,72.2,34.1,18.3,15.1,7.3,76.4
2010,Portugal,83.2,44.1,25.4,21,9.2,76.8,38.2,21.1,17.2,7.5,80.1
2010,Slovak Republic,79.3,40.4,22.1,18,7.7,71.8,33.5,17.3,14.1,6.4,75.6
2010,Slovenia,83.1,43.9,25.3,21,9.6,76.4,37.6,20.4,16.8,7.6,79.8
2010,Spain,85.5,46.2,27.4,22.9,10.8,79.2,40.3,22.6,18.6,8.6,82.4
2010,Sweden,83.6,44.3,25.5,21.2,9.7,79.6,40.7,22.4,18.3,8,81.6
2010,Switzerland,84.9,45.7,26.9,22.5,10.6,80.3,41.4,23.1,19,8.6,82.7
2010,Türkiye,76.8,38.1,20,16,6.7,71.8,34.8,17.6,14,6.2,74.3
2010,United Kingdom,82.3,43.3,24.9,20.6,9.5,78.4,39.8,22,18,8.1,80.4
2010,United States,81,42.4,24.5,20.3,9.7,76.2,38.5,21.5,17.7,8.2,78.7
2010,  Argentina,79.1,..,..,..,..,72.7,..,..,..,..,75.9
2010,  Brazil,76.3,40.2,23,19.2,10.1,69.7,35.2,19.6,16.4,9,72.9
2010,  Bulgaria,77.4,39.1,21.2,17.1,7,70.3,32.8,16.9,13.8,6.1,73.8
2010,  China (People's Republic of),78.1,..,..,..,..,72.8,..,..,..,..,75.3
2010,  Croatia,79.9,40.8,22.4,18.2,7.7,73.4,35,18.2,14.7,6.6,76.7
2010,  India,68.2,..,..,..,..,65,..,..,..,..,66.5
2010,  Indonesia,70.4,..,..,..,..,66.6,..,..,..,..,68.5
2010,  Peru,75.7,..,..,..,..,71.4,..,..,..,..,73.5
2010,  Romania,77.7,39.4,21.7,17.6,7.9,70,32.6,17.4,14.2,6.9,73.7
2010,  Russia,74.9,..,..,16.5,7,63.1,..,..,12.1,6,69.0
2010,  South Africa,59.7,..,..,..,..,54.7,..,..,..,..,57.4
2011,Australia,84.2,45.1,26.4,22,10.2,79.7,41.3,23.2,19.1,8.6,81.9
2011,Austria,83.8,44.6,26,21.7,10.1,78.3,39.6,21.9,18.1,8.3,81.1
2011,Belgium,83.3,44.1,25.8,21.6,10.1,78,39.4,21.8,18,8.2,80.7
2011,Canada,83.7,44.7,26.1,21.8,10.5,79.4,40.9,22.9,18.8,8.7,81.6
2011,Chile,81.9,43.2,24.9,20.7,10,76.1,38.4,21.1,17.3,8.2,79.0
2011,Colombia,78.1,41.2,23.1,19,9.2,71.1,37.2,20.3,16.6,8.2,74.5
2011,Costa Rica,81.6,43.2,24.9,20.7,10,76.6,39.5,22.1,18.2,8.9,79.1
2011,Czechia,81.1,41.9,23.4,19.2,8.5,74.8,36.2,19.1,15.6,7.1,78.0
2011,Denmark,81.9,42.7,24.3,20.1,9.4,77.8,38.9,21.2,17.3,7.8,79.9
2011,Estonia,81.3,42.4,24.3,20.1,9.3,71.4,33.7,18,14.8,7.1,76.6
2011,Finland,83.8,44.6,26,21.7,10,77.3,38.9,21.5,17.7,8.1,80.6
2011,France,85.7,46.6,28.1,23.8,11.8,78.8,40.2,23,19.3,9.2,82.3
2011,Germany,83.1,43.9,25.3,21.1,9.6,77.9,39.2,21.5,17.7,8,80.6
2011,Greece,83.6,44.4,25.6,21.2,9.3,78,39.5,22.1,18.2,8.4,80.8
2011,Hungary,78.7,39.7,22.2,18.3,8.3,71.2,32.6,17.2,14.3,7.2,75.1
2011,Iceland,84.1,44.6,25.8,21.5,10.1,80.7,41.8,23.1,18.9,8.6,82.4
2011,Ireland,83,43.8,25.2,20.9,9.6,78.6,40.1,21.9,17.9,7.9,80.9
2011,Israel,83.5,44.3,25.5,21.1,9.6,79.9,41.1,22.9,18.9,8.8,81.8
2011,Italy,84.8,45.5,26.7,22.2,10.4,79.7,40.8,22.6,18.5,8.3,82.4
2011,Japan,85.9,46.8,28.1,23.7,11.4,79.4,40.7,22.7,18.7,8.4,82.7
2011,Korea,84,44.9,26,21.5,9.5,77.3,38.6,21,17.1,7.4,80.6
2011,Latvia,78.8,40.2,22.6,18.7,8.6,68.6,31.4,16.3,13.4,6.8,73.9
2011,Lithuania,79.3,40.7,23.2,19.2,8.6,68.1,31.1,16.7,14,7,73.7
2011,Luxembourg,83.6,44.4,25.7,21.6,10.1,78.5,39.6,21.7,17.8,7.8,81.1
2011,Mexico,78,40.4,22.8,18.9,9.4,71.8,36.3,20.2,16.7,8.5,74.9
2011,Netherlands,83.1,43.9,25.4,21.2,9.9,79.4,40.4,22.2,18.1,8.1,81.3
2011,New Zealand,82.9,44,25.4,21.1,9.7,79.1,40.8,22.7,18.6,8.3,81.0
2011,Norway,83.6,44.3,25.7,21.4,9.8,79.1,40.5,22.3,18.2,8,81.4
2011,Poland,81.1,42,23.9,19.9,9.2,72.5,34.5,18.6,15.4,7.5,76.8
2011,Portugal,83.8,44.6,26,21.6,9.9,77.3,38.7,21.6,17.8,8,80.7
2011,Slovak Republic,79.8,40.8,22.6,18.4,7.9,72.3,34.1,17.8,14.5,6.8,76.1
2011,Slovenia,83.3,43.9,25.4,21.1,9.7,76.8,38,20.7,16.9,7.8,80.1
2011,Spain,85.6,46.3,27.5,23,10.9,79.5,40.5,22.7,18.8,8.7,82.6
2011,Sweden,83.8,44.5,25.7,21.3,9.7,79.9,41,22.6,18.5,8.1,81.9
2011,Switzerland,85,45.8,27,22.6,10.6,80.5,41.6,23.3,19.2,8.7,82.8
2011,Türkiye,77.1,38.3,20.1,16.1,6.7,72,34.8,17.6,14.1,6.2,74.6
2011,United Kingdom,82.7,43.6,25.1,20.9,9.7,78.8,40.2,22.3,18.3,8.2,80.7
2011,United States,81.1,42.5,24.5,20.4,9.7,76.3,38.6,21.5,17.8,8.2,78.7
2011,  Argentina,78.8,..,..,..,..,72.5,..,..,..,..,75.7
2011,  Brazil,76.6,40.3,22.8,18.9,9.1,69.8,35.4,19.5,16.1,8,73.2
2011,  Bulgaria,77.8,39.3,21.4,17.3,7.1,70.7,33,17.1,14,6.3,74.2
2011,  China (People's Republic of),78.3,..,..,..,..,73.1,..,..,..,..,75.6
2011,  Croatia,80.4,41.2,22.9,18.6,7.8,73.8,35.4,18.5,15.1,6.7,77.2
2011,  India,68.6,..,..,..,..,65.3,..,..,..,..,66.9
2011,  Indonesia,70.4,..,..,..,..,66.9,..,..,..,..,68.7
2011,  Peru,75.9,..,..,..,..,71.6,..,..,..,..,73.7
2011,  Romania,78.2,39.7,21.8,17.8,7.7,70.8,33.3,17.6,14.5,6.8,74.4
2011,  Russia,75.6,..,..,17,7.4,64,..,..,12.6,6.3,69.8
2011,  South Africa,61.3,..,..,..,..,56.1,..,..,..,..,58.9
2012,Australia,84.3,45.2,26.4,22,10.2,79.9,41.4,23.3,19.1,8.6,82.0
2012,Austria,83.6,44.3,25.6,21.3,9.7,78.4,39.7,21.8,18.1,8.3,81.1
2012,Belgium,83.1,43.9,25.5,21.3,9.8,77.8,39.2,21.5,17.7,8,80.5
2012,Canada,83.8,44.9,26.3,22,10.7,79.6,41.1,23,19,8.8,81.8
2012,Chile,82.1,43.4,25,20.8,10.1,76.3,38.6,21.3,17.5,8.3,79.2
2012,Colombia,78.3,41.3,23.2,19.1,9.3,71.4,37.3,20.4,16.7,8.3,74.7
2012,Costa Rica,81.9,43.5,25,20.8,10.1,76.9,39.6,22.2,18.4,8.9,79.4
2012,Czechia,81.2,41.9,23.4,19.2,8.5,75.1,36.4,19.2,15.7,7.1,78.1
2012,Denmark,82.1,42.8,24.4,20.2,9.5,78.1,39.2,21.4,17.5,7.9,80.2
2012,Estonia,81.5,42.6,24.4,20.3,9.4,71.4,33.9,17.9,14.8,7.3,76.7
2012,Finland,83.7,44.6,25.9,21.6,9.9,77.7,39.1,21.6,17.8,8.1,80.7
2012,France,85.4,46.2,27.8,23.4,11.3,78.7,40.1,22.9,19.1,9,82.1
2012,Germany,83.1,43.9,25.3,21,9.5,78.1,39.3,21.6,17.8,8,80.7
2012,Greece,83.4,44.1,25.4,20.9,9.1,78,39.4,21.9,18.1,8.3,80.7
2012,Hungary,78.7,39.7,22.1,18.1,8,71.6,33,17.3,14.3,6.7,75.3
2012,Iceland,84.3,44.7,25.7,21.5,10,81.6,42.6,24.2,20.1,9,83.0
2012,Ireland,83.1,43.9,25.2,20.9,9.5,78.7,40,21.9,17.8,7.6,80.9
2012,Israel,83.6,44.3,25.4,21,9.5,79.9,41.1,22.9,18.8,8.7,81.8
2012,Italy,84.8,45.4,26.6,22.1,10.2,79.8,40.9,22.6,18.5,8.2,82.4
2012,Japan,86.4,47.2,28.3,23.8,11.4,79.9,41.1,22.9,18.9,8.5,83.2
2012,Korea,84.2,45,26.1,21.5,9.5,77.6,38.8,21.2,17.2,7.4,80.9
2012,Latvia,78.9,40.2,22.4,18.5,8.2,68.9,31.5,16.5,13.6,6.6,74.1
2012,Lithuania,79.6,40.9,23.3,19.2,8.6,68.4,31.4,16.8,14.1,7,74.1
2012,Luxembourg,83.8,44.5,25.7,21.4,9.9,79.1,40.3,22.4,18.4,8.5,81.5
2012,Mexico,78,40.4,22.7,18.9,9.4,72,36.5,20.3,16.8,8.6,75.0
2012,Netherlands,83,43.7,25.3,21,9.6,79.3,40.4,22.1,18,7.9,81.2
2012,New Zealand,83,44.1,25.6,21.2,9.8,79.3,41,22.9,18.8,8.4,81.2
2012,Norway,83.5,44.1,25.4,21,9.6,79.5,40.7,22.4,18.3,8,81.5
2012,Poland,81.1,42,23.9,19.8,9.2,72.6,34.6,18.6,15.4,7.4,76.9
2012,Portugal,83.6,44.4,25.8,21.3,9.5,77.3,38.6,21.5,17.6,7.7,80.6
2012,Slovak Republic,79.9,40.9,22.6,18.5,7.9,72.5,34.3,17.9,14.6,6.6,76.3
2012,Slovenia,83.3,43.9,25.3,21.1,9.6,77.1,38.2,20.8,17.1,7.7,80.3
2012,Spain,85.5,46.2,27.3,22.8,10.6,79.5,40.5,22.6,18.7,8.6,82.5
2012,Sweden,83.6,44.3,25.5,21.1,9.6,79.9,41,22.6,18.5,8,81.8
2012,Switzerland,84.9,45.6,26.8,22.3,10.3,80.6,41.7,23.3,19.3,8.6,82.8
2012,Türkiye,77.2,38.4,20.2,16.1,6.8,72,34.9,17.7,14.1,6.2,74.6
2012,United Kingdom,82.7,43.5,25,20.7,9.5,79,40.3,22.3,18.3,8.2,80.8
2012,United States,81.2,42.6,24.6,20.5,9.7,76.4,38.7,21.7,17.9,8.3,78.8
2012,  Argentina,79.3,..,..,..,..,72.8,..,..,..,..,76.1
2012,  Brazil,76.7,40.8,23.3,19.4,9.7,70.1,35.7,19.8,16.3,8.2,73.3
2012,  Bulgaria,77.9,39.3,21.3,17.3,7.1,70.9,33.1,17.1,13.9,6.2,74.4
2012,  China (People's Republic of),78.6,..,..,..,..,73.4,..,..,..,..,75.9
2012,  Croatia,80.6,41.4,23,18.7,7.9,73.9,35.3,18.4,15,6.5,77.3
2012,  India,69.1,..,..,..,..,65.8,..,..,..,..,67.4
2012,  Indonesia,70.6,..,..,..,..,67.1,..,..,..,..,68.8
2012,  Peru,76.3,..,..,..,..,72.1,..,..,..,..,74.1
2012,  Romania,78.1,39.7,21.8,17.7,7.6,70.9,33.3,17.6,14.4,6.7,74.4
2012,  Russia,75.9,..,..,17.1,7.4,64.6,..,..,12.8,6.4,70.2
2012,  South Africa,63.1,..,..,..,..,57.7,..,..,..,..,60.7
2013,Australia,84.3,45.2,26.5,22.1,10.2,80.1,41.5,23.4,19.2,8.6,82.1
2013,Austria,83.8,44.5,25.8,21.5,9.8,78.6,39.8,22,18.2,8.3,81.3
2013,Belgium,83.2,44.1,25.7,21.4,9.9,78.1,39.4,21.6,17.8,8.1,80.7
2013,Canada,83.9,44.9,26.3,21.9,10.6,79.7,41.2,23.2,19.1,8.9,81.8
2013,Chile,82.3,43.6,25.2,21,10.2,76.6,38.8,21.4,17.6,8.4,79.4
2013,Colombia,78.5,41.4,23.3,19.2,9.3,71.7,37.5,20.5,16.8,8.3,75.0
2013,Costa Rica,82.1,43.6,25.1,20.9,10.1,77.1,39.7,22.3,18.4,9,79.6
2013,Czechia,81.3,42,23.5,19.3,8.5,75.2,36.5,19.2,15.7,7.2,78.3
2013,Denmark,82.4,43.1,24.6,20.4,9.4,78.3,39.3,21.6,17.7,7.8,80.4
2013,Estonia,81.7,42.7,24.5,20.3,9.4,72.8,34.7,18.3,15.2,7.5,77.5
2013,Finland,84.1,44.8,26.2,21.8,10.1,78,39.4,21.9,18,8.3,81.1
2013,France,85.6,46.5,28,23.6,11.6,79,40.4,23.1,19.3,9.2,82.4
2013,Germany,83,43.8,25.2,20.9,9.4,78.1,39.3,21.6,17.8,8,80.6
2013,Greece,84,44.8,26,21.6,9.7,78.7,40,22.5,18.7,8.9,81.4
2013,Hungary,79.1,40,22.3,18.4,8.2,72.2,33.6,17.6,14.5,6.8,75.8
2013,Iceland,83.7,44.4,25.5,21.2,9.9,80.5,41.6,23.2,18.8,8.2,82.1
2013,Ireland,83.1,43.9,25.2,20.8,9.4,78.9,40.3,22.2,18.1,7.8,81.0
2013,Israel,83.9,44.6,25.7,21.3,9.7,80.3,41.4,23.3,19.2,8.8,82.1
2013,Italy,85.2,45.9,27,22.6,10.7,80.3,41.3,23,18.9,8.6,82.9
2013,Japan,86.6,47.3,28.5,24,11.5,80.2,41.3,23.1,19.1,8.6,83.4
2013,Korea,84.6,45.5,26.5,21.9,9.9,78.1,39.3,21.6,17.6,7.7,81.4
2013,Latvia,78.9,40.2,22.6,18.6,8.5,69.3,31.8,16.8,13.9,6.9,74.3
2013,Lithuania,79.6,40.8,23.2,19.2,8.5,68.5,31.5,16.9,14.1,6.9,74.1
2013,Luxembourg,83.9,44.8,26.2,21.9,10.4,79.8,40.9,22.9,19.1,8.9,81.9
2013,Mexico,78,40.3,22.7,18.8,9.3,72.1,36.5,20.3,16.8,8.6,75.0
2013,Netherlands,83.2,44,25.4,21.2,9.7,79.5,40.6,22.3,18.2,8,81.4
2013,New Zealand,83.2,44.2,25.7,21.3,9.8,79.5,41.2,23,18.9,8.4,81.4
2013,Norway,83.8,44.4,25.7,21.4,9.9,79.8,40.9,22.6,18.5,8.2,81.8
2013,Poland,81.2,42.1,23.9,19.9,9.3,73,34.9,18.7,15.5,7.5,77.1
2013,Portugal,84,44.8,26,21.6,9.8,77.6,38.8,21.6,17.8,7.8,80.9
2013,Slovak Republic,80.1,41.2,22.9,18.8,8.1,72.9,34.6,18,14.7,6.8,76.6
2013,Slovenia,83.6,44.3,25.7,21.4,9.8,77.2,38.5,20.9,17.2,7.9,80.5
2013,Spain,86.1,46.7,27.9,23.4,11.2,80.2,41.1,23.1,19.2,9.1,83.2
2013,Sweden,83.8,44.5,25.7,21.3,9.7,80.2,41.3,22.9,18.8,8.2,82.0
2013,Switzerland,85,45.7,26.8,22.4,10.4,80.7,41.8,23.5,19.4,8.6,82.9
2013,Türkiye,80.7,42.5,23.8,19.5,9,75.3,37.5,19.9,16.2,7.4,78.0
2013,United Kingdom,82.8,43.6,25.1,20.8,9.5,79,40.3,22.4,18.4,8.2,80.9
2013,United States,81.2,42.6,24.6,20.5,9.7,76.4,38.7,21.7,17.9,8.3,78.8
2013,  Argentina,80,..,..,..,..,72.9,..,..,..,..,76.5
2013,  Brazil,76.9,41,23.5,19.5,9.8,70.3,35.9,19.9,16.4,8.3,73.6
2013,  Bulgaria,78.6,39.9,22,17.9,7.5,71.3,33.5,17.4,14.2,6.6,74.9
2013,  China (People's Republic of),79,..,..,..,..,73.6,..,..,..,..,76.2
2013,  Croatia,81,41.8,23.3,19.1,8.2,74.5,35.9,18.8,15.3,6.8,77.8
2013,  India,69.6,..,..,..,..,66.3,..,..,..,..,67.9
2013,  Indonesia,70.8,..,..,..,..,67.2,..,..,..,..,69.0
2013,  Peru,76.7,..,..,..,..,72.5,..,..,..,..,74.5
2013,  Romania,78.7,40.2,22.2,18.1,8,71.6,33.8,17.9,14.7,7,75.1
2013,  Russia,76.3,..,..,17.4,7.5,65.1,..,..,13.1,6.6,70.7
2013,  South Africa,64.4,..,..,..,..,58.8,..,..,..,..,61.8
2014,Australia,84.4,45.3,26.6,22.2,10.3,80.3,41.6,23.5,19.4,8.7,82.3
2014,Austria,84,44.8,26.1,21.8,10.1,79.1,40.3,22.4,18.5,8.6,81.6
2014,Belgium,83.9,44.7,26.2,21.9,10.4,78.8,40.1,22.3,18.4,8.5,81.4
2014,Canada,83.9,44.9,26.3,22,10.6,79.8,41.3,23.2,19.1,8.9,81.9
2014,Chile,82.5,43.8,25.4,21.1,10.3,76.8,39,21.6,17.8,8.4,79.6
2014,Colombia,78.7,41.6,23.4,19.4,9.4,71.9,37.6,20.6,16.9,8.4,75.2
2014,Costa Rica,82.3,43.7,25.2,21,10.1,77.2,39.8,22.4,18.5,9,79.7
2014,Czechia,82,42.6,24.1,19.8,8.9,75.8,37.1,19.6,16.1,7.4,78.9
2014,Denmark,82.8,43.5,24.9,20.8,9.8,78.7,39.8,21.9,18.1,8.2,80.7
2014,Estonia,81.9,43,24.6,20.4,9.5,72.4,34.6,18.3,15.2,7.3,77.4
2014,Finland,84.1,44.9,26.1,21.7,10.1,78.4,39.7,22,18.2,8.4,81.3
2014,France,86.1,46.9,28.4,24,12,79.5,40.9,23.5,19.7,9.5,82.9
2014,Germany,83.6,44.3,25.7,21.4,9.8,78.7,39.8,22,18.2,8.4,81.2
2014,Greece,84.1,44.9,26.1,21.7,9.7,78.8,40.1,22.6,18.8,9,81.5
2014,Hungary,79.4,40.2,22.5,18.6,8.4,72.3,33.7,17.6,14.6,6.9,76.0
2014,Iceland,84.5,45.4,26.5,22.2,10.6,81.3,42.1,23.8,19.5,8.7,82.9
2014,Ireland,83.5,44.2,25.5,21.1,9.7,79.3,40.7,22.5,18.4,8.1,81.4
2014,Israel,84.1,44.8,25.9,21.5,9.7,80.3,41.5,23.3,19.2,8.8,82.2
2014,Italy,85.6,46.2,27.3,22.8,10.9,80.7,41.7,23.3,19.2,8.8,83.2
2014,Japan,86.8,47.6,28.7,24.2,11.7,80.5,41.6,23.4,19.3,8.8,83.7
2014,Korea,85,45.9,26.9,22.3,10.1,78.6,39.7,22,17.9,7.8,81.8
2014,Latvia,79.4,40.8,23,19,8.6,69.1,31.9,16.7,13.8,7,74.5
2014,Lithuania,80.1,41.4,23.6,19.5,8.8,69.2,32.1,17.2,14.3,7.1,74.7
2014,Luxembourg,85.2,45.9,27,22.7,11.2,79.4,40.4,22.4,18.4,8.5,82.3
2014,Mexico,77.8,40.2,22.5,18.6,9.2,72.1,36.3,20.1,16.7,8.5,75.0
2014,Netherlands,83.5,44.2,25.7,21.4,10,80,41.1,22.7,18.6,8.3,81.8
2014,New Zealand,83.2,44.3,25.7,21.4,9.8,79.6,41.2,23.1,19,8.5,81.4
2014,Norway,84.2,44.8,26,21.6,10,80.1,41.3,22.9,18.8,8.3,82.2
2014,Poland,81.7,42.7,24.4,20.4,9.7,73.7,35.5,19.2,15.9,7.9,77.8
2014,Portugal,84.4,45.1,26.4,21.9,10,78,39.2,22,18.1,8,81.3
2014,Slovak Republic,80.5,41.6,23.2,19.1,8.4,73.3,35,18.4,15.1,7,77.0
2014,Slovenia,84.1,44.7,25.9,21.6,10,78.2,39.2,21.4,17.7,8.1,81.2
2014,Spain,86.2,46.8,28,23.5,11.2,80.4,41.3,23.3,19.3,9.2,83.3
2014,Sweden,84.2,44.8,26,21.6,10,80.4,41.6,23.1,18.9,8.4,82.3
2014,Switzerland,85.4,46.1,27.2,22.7,10.7,81.1,42.2,23.8,19.6,8.9,83.3
2014,Türkiye,80.7,42.4,23.7,19.4,8.9,75.3,37.6,19.9,16.2,7.4,78.0
2014,United Kingdom,83,43.9,25.4,21.1,9.8,79.3,40.6,22.6,18.6,8.4,81.1
2014,United States,81.3,42.6,24.7,20.6,9.7,76.5,38.7,21.7,18,8.3,78.9
2014,  Argentina,79.9,..,..,..,..,73,..,..,..,..,76.5
2014,  Brazil,77.1,41.2,23.6,19.7,10.1,70.7,36.1,20.1,16.6,8.4,73.9
2014,  Bulgaria,78,39.5,21.7,17.6,7.3,71.1,33.2,17.2,14.1,6.4,74.5
2014,  China (People's Republic of),79.2,..,..,..,..,73.9,..,..,..,..,76.5
2014,  Croatia,81,41.9,23.4,19.1,8.1,74.7,36.1,19,15.5,6.9,77.9
2014,  India,70.1,..,..,..,..,67,..,..,..,..,68.5
2014,  Indonesia,71.3,..,..,..,..,67.2,..,..,..,..,69.3
2014,  Peru,77.1,..,..,..,..,72.9,..,..,..,..,75.0
2014,  Romania,78.7,40.1,22.2,18.1,7.9,71.3,33.6,17.8,14.7,7,75.0
2014,  Russia,76.5,..,..,17.5,7.6,65.3,..,..,13.2,6.6,70.9
2014,  South Africa,65.3,..,..,..,..,59.4,..,..,..,..,62.5
2015,Australia,84.5,45.4,26.7,22.3,10.4,80.4,41.7,23.7,19.5,8.8,82.4
2015,Austria,83.7,44.4,25.7,21.3,9.7,78.8,40,22,18.1,8.3,81.3
2015,Belgium,83.4,44.2,25.7,21.5,10,78.7,40,22.1,18.2,8.3,81.1
2015,Canada,83.9,44.9,26.3,21.9,10.6,79.9,41.4,23.3,19.2,8.9,81.9
2015,Chile,82.7,43.9,25.5,21.3,10.4,77,39.2,21.8,17.9,8.5,79.8
2015,Colombia,78.9,41.7,23.6,19.5,9.5,72.2,37.7,20.6,17,8.5,75.4
2015,Costa Rica,82.4,43.8,25.3,21.1,10.2,77.4,39.9,22.4,18.5,9,79.9
2015,Czechia,81.6,42.3,23.7,19.4,8.5,75.7,37,19.4,15.9,7.2,78.7
2015,Denmark,82.7,43.4,24.9,20.7,9.5,78.8,39.8,21.9,18,8,80.8
2015,Estonia,82.2,43.2,24.8,20.7,9.7,73.2,35.2,18.8,15.5,7.8,78.0
2015,Finland,84.4,45.1,26.3,21.9,10.1,78.7,39.9,22.2,18.3,8.4,81.6
2015,France,85.6,46.4,27.9,23.5,11.4,79.2,40.6,23.2,19.4,9.2,82.4
2015,Germany,83.1,43.9,25.2,21,9.4,78.3,39.4,21.6,17.9,8.1,80.7
2015,Greece,83.7,44.5,25.7,21.3,9.2,78.5,39.8,22.3,18.5,8.7,81.1
2015,Hungary,79,39.8,22.1,18.2,8,72.3,33.7,17.5,14.5,6.8,75.7
2015,Iceland,83.8,44.4,25.7,21.3,9.7,81.2,42.5,24.1,19.5,8.5,82.5
2015,Ireland,83.4,44.1,25.4,21,9.5,79.6,40.8,22.6,18.4,8.1,81.5
2015,Israel,84.1,44.8,25.9,21.5,9.8,80.1,41.2,23,18.9,8.6,82.2
2015,Italy,84.9,45.5,26.6,22.2,10.2,80.3,41.3,23,18.9,8.4,82.7
2015,Japan,87,47.7,28.8,24.2,11.7,80.8,41.8,23.5,19.4,8.8,83.9
2015,Korea,85.2,46,27,22.4,10.1,79,40.1,22.2,18.2,8,82.1
2015,Latvia,79.5,40.7,22.9,18.9,8.5,69.7,32.3,17.2,14.2,7,74.8
2015,Lithuania,79.7,41.1,23.2,19.2,8.4,69.2,32,17,14.1,7,74.6
2015,Luxembourg,84.7,45,26.1,21.8,10.5,80,41.2,23,18.9,8.8,82.4
2015,Mexico,77.6,39.9,22.3,18.4,9.1,71.9,36,19.9,16.5,8.4,74.7
2015,Netherlands,83.2,43.9,25.3,21.1,9.6,79.9,40.8,22.5,18.4,8.1,81.6
2015,New Zealand,83.3,44.4,25.8,21.4,9.9,79.7,41.3,23.2,19.1,8.5,81.5
2015,Norway,84.2,44.8,25.9,21.6,9.9,80.5,41.5,23.1,18.9,8.3,82.4
2015,Poland,81.6,42.4,24.2,20.1,9.4,73.5,35.3,18.9,15.7,7.6,77.5
2015,Portugal,84.3,44.9,26.1,21.7,9.7,78.1,39.3,21.9,18,8,81.3
2015,Slovak Republic,80.2,41.2,22.9,18.8,8.1,73.1,34.8,18.3,15,6.9,76.7
2015,Slovenia,83.9,44.5,25.7,21.4,9.9,77.8,38.9,21.3,17.6,8.1,80.9
2015,Spain,85.7,46.3,27.5,23,10.7,80.1,41,23,19,8.8,83.0
2015,Sweden,84.1,44.8,25.8,21.5,9.8,80.4,41.5,23.1,18.9,8.3,82.2
2015,Switzerland,85.1,45.8,26.8,22.4,10.3,80.8,42,23.5,19.4,8.7,83.0
2015,Türkiye,80.7,42.4,23.7,19.4,8.8,75.3,37.5,19.9,16.1,7.3,78.0
2015,United Kingdom,82.7,43.6,25,20.8,9.4,79,40.4,22.4,18.4,8.2,80.9
2015,United States,81.1,42.6,24.7,20.5,9.8,76.3,38.7,21.7,18,8.4,78.7
2015,  Argentina,80,..,..,..,..,73.4,..,..,..,..,76.8
2015,  Brazil,77.4,41.4,23.8,19.8,10.1,71.2,36.3,20.2,16.7,8.4,74.3
2015,  Bulgaria,78.2,39.5,21.6,17.6,7.2,71.2,33.2,17.1,14,6.3,74.7
2015,  China (People's Republic of),79.5,..,..,..,..,74.1,..,..,..,..,76.7
2015,  Croatia,80.5,41.4,22.9,18.7,7.8,74.4,35.8,18.6,15.2,6.6,77.5
2015,  India,70.6,..,..,..,..,67.7,..,..,..,..,69.1
2015,  Indonesia,71.5,..,..,..,..,67.6,..,..,..,..,69.5
2015,  Peru,77.4,..,..,..,..,73.3,..,..,..,..,75.3
2015,  Romania,78.6,40,22,18,7.8,71.4,33.5,17.6,14.5,6.8,74.9
2015,  Russia,76.7,..,..,17.6,7.6,65.9,..,..,13.3,6.7,71.3
2015,  South Africa,66.3,..,..,..,..,60.1,..,..,..,..,63.4
2016,Australia,84.6,45.4,26.7,22.3,10.4,80.4,41.8,23.8,19.6,8.9,82.4
2016,Austria,84.1,44.9,26.1,21.7,10.1,79.3,40.5,22.4,18.5,8.6,81.8
2016,Belgium,84,44.7,26.2,21.9,10.4,79,40.3,22.3,18.4,8.6,81.5
2016,Canada,84,45.1,26.5,22.2,10.8,79.9,41.5,23.5,19.4,9.1,82.0
2016,Chile,82.9,44.1,25.7,21.4,10.4,77.2,39.4,21.9,18,8.6,80.0
2016,Colombia,79.1,41.9,23.7,19.6,9.5,72.5,37.9,20.7,17,8.5,75.7
2016,Costa Rica,82.6,43.9,25.4,21.1,10.2,77.5,40,22.5,18.6,9,80.0
2016,Czechia,82.1,42.8,24.3,20,9,76.1,37.4,19.8,16.2,7.5,79.1
2016,Denmark,82.8,43.5,24.9,20.8,9.6,79,40.1,22.1,18.2,8.2,80.9
2016,Estonia,82.2,43.5,25.1,20.9,9.7,73.3,35.2,18.8,15.6,7.7,78.0
2016,Finland,84.4,45.1,26.2,21.9,10.1,78.6,39.9,22.1,18.2,8.3,81.5
2016,France,85.8,46.6,28.1,23.7,11.7,79.5,40.9,23.4,19.6,9.3,82.7
2016,Germany,83.5,44.2,25.6,21.3,9.8,78.6,39.7,21.9,18.1,8.3,81.0
2016,Greece,84,44.8,26.1,21.7,9.7,78.9,40.3,22.7,18.9,9.1,81.5
2016,Hungary,79.7,40.5,22.6,18.7,8.5,72.6,33.9,17.7,14.6,7,76.2
2016,Iceland,84.1,44.6,25.6,21.3,10.2,80.4,41.7,23.1,18.7,8,82.2
2016,Ireland,83.6,44.2,25.5,21.1,9.7,79.8,41,22.7,18.6,8.2,81.7
2016,Israel,84.2,45,26.1,21.6,9.8,80.7,41.8,23.6,19.5,9.1,82.5
2016,Italy,85.6,46.2,27.3,22.9,10.9,81,41.9,23.5,19.4,8.9,83.4
2016,Japan,87.1,47.8,28.9,24.4,11.8,81,42,23.7,19.6,8.9,84.1
2016,Korea,85.4,46.2,27.2,22.6,10.2,79.3,40.4,22.5,18.4,8.1,82.4
2016,Latvia,79.6,40.8,23.1,19,8.6,69.8,32.3,17,14,6.9,74.9
2016,Lithuania,80.1,41.4,23.5,19.4,8.7,69.5,32,17.1,14.2,7.1,74.9
2016,Luxembourg,85.4,45.9,27.1,22.7,10.9,80.1,41.1,23,18.9,8.8,82.7
2016,Mexico,77.7,40,22.3,18.5,9.1,72,36.1,20,16.5,8.4,74.8
2016,Netherlands,83.2,44,25.4,21.1,9.7,80,41,22.6,18.5,8.2,81.7
2016,New Zealand,83.4,44.4,25.8,21.5,9.9,79.8,41.4,23.3,19.2,8.5,81.6
2016,Norway,84.2,44.8,26,21.6,10,80.7,41.7,23.3,19.1,8.5,82.5
2016,Poland,82,42.9,24.6,20.5,9.8,73.9,35.6,19.3,16,8,78.0
2016,Portugal,84.3,45,26.3,21.8,9.9,78.1,39.2,21.8,18,8,81.3
2016,Slovak Republic,80.7,41.7,23.4,19.2,8.4,73.8,35.4,18.6,15.3,7.2,77.3
2016,Slovenia,84.3,44.9,26.1,21.8,10,78.2,39.4,21.7,17.9,8.3,81.2
2016,Spain,86.3,46.9,28,23.6,11.3,80.5,41.4,23.4,19.4,9.2,83.5
2016,Sweden,84.1,44.8,25.9,21.5,9.9,80.6,41.7,23.2,19.1,8.4,82.4
2016,Switzerland,85.6,46.3,27.4,22.9,10.8,81.7,42.7,24.2,20,9.1,83.7
2016,Türkiye,80.7,42.3,23.6,19.3,8.7,75.3,37.5,19.8,16.1,7.2,78.0
2016,United Kingdom,82.9,43.8,25.3,21,9.7,79.2,40.5,22.6,18.6,8.4,81.0
2016,United States,81.1,42.6,24.7,20.6,9.7,76.2,38.7,21.7,18.1,8.4,78.7
2016,  Argentina,80.2,..,..,..,..,73.3,..,..,..,..,76.8
2016,  Brazil,77.6,41.6,24,20,10.2,71.1,36.5,20.3,16.8,8.5,74.3
2016,  Bulgaria,78.5,39.7,21.9,17.9,7.5,71.3,33.3,17.3,14.2,6.5,74.9
2016,  China (People's Republic of),79.8,..,..,..,..,74.4,..,..,..,..,77.0
2016,  Croatia,81.3,42.1,23.5,19.2,8.2,75,36.3,19.1,15.6,6.9,78.2
2016,  India,71.1,..,..,..,..,68.3,..,..,..,..,69.6
2016,  Indonesia,71.6,..,..,..,..,67.8,..,..,..,..,69.7
2016,  Peru,77.7,..,..,..,..,73.6,..,..,..,..,75.6
2016,  Romania,79,40.3,22.3,18.3,8.1,71.6,33.6,17.8,14.7,7.1,75.2
2016,  Russia,77.1,..,..,17.7,7.7,66.5,..,..,13.4,6.8,71.8
2016,  South Africa,66.8,..,..,..,..,60.7,..,..,..,..,64.0
2017,Australia,84.6,45.5,26.8,22.3,10.4,80.5,41.8,23.8,19.7,8.9,82.5
2017,Austria,84,44.6,25.8,21.5,9.7,79.4,40.5,22.5,18.5,8.5,81.7
2017,Belgium,83.9,44.7,26.1,21.9,10.3,79.2,40.4,22.4,18.5,8.5,81.6
2017,Canada,84,45.1,26.4,22.1,10.7,79.8,41.5,23.4,19.3,9,81.9
2017,Chile,83,44.3,25.8,21.5,10.5,77.4,39.6,22.1,18.2,8.7,80.2
2017,Colombia,79.3,42,23.8,19.7,9.6,72.7,38,20.8,17.1,8.6,75.9
2017,Costa Rica,82.7,44,25.5,21.2,10.2,77.6,40.1,22.6,18.6,9.1,80.2
2017,Czechia,82,42.7,24,19.8,8.8,76.1,37.4,19.8,16.2,7.4,79.1
2017,Denmark,83.1,43.8,25.1,20.8,9.6,79.2,40.2,22.1,18.2,8.1,81.1
2017,Estonia,82.6,43.4,25,20.8,9.6,73.8,35.5,18.8,15.6,7.7,78.4
2017,Finland,84.5,45.2,26.5,22.1,10.3,78.9,40.2,22.3,18.4,8.4,81.7
2017,France,85.7,46.5,28,23.7,11.6,79.6,41,23.4,19.6,9.3,82.7
2017,Germany,83.4,44.1,25.5,21.2,9.6,78.7,39.8,21.9,18.1,8.3,81.1
2017,Greece,83.9,44.6,25.8,21.4,9.4,78.8,40.1,22.4,18.6,8.8,81.4
2017,Hungary,79.3,40.2,22.3,18.4,8.2,72.5,33.8,17.5,14.5,6.9,76.0
2017,Iceland,84.3,45.1,25.9,21.4,9.8,81.1,42.5,24.2,19.8,9,82.6
2017,Ireland,84,44.7,25.8,21.4,9.9,80.4,41.5,23.2,19,8.6,82.2
2017,Israel,84.6,45.3,26.4,21.9,10.1,80.6,41.7,23.5,19.3,8.8,82.7
2017,Italy,85.2,45.8,26.9,22.4,10.4,80.8,41.7,23.3,19.2,8.6,83.1
2017,Japan,87.3,47.9,29,24.4,11.8,81.1,42.1,23.7,19.6,9,84.2
2017,Korea,85.7,46.5,27.4,22.7,10.2,79.7,40.7,22.8,18.6,8.1,82.7
2017,Latvia,79.7,40.9,23,19,8.6,69.8,32.4,17,14.1,6.9,74.9
2017,Lithuania,80.5,41.6,23.6,19.4,8.6,70.7,33,17.5,14.4,7,75.8
2017,Luxembourg,84.4,44.9,26.1,21.7,10.6,79.9,41,22.6,18.6,9.1,82.1
2017,Mexico,77.8,40,22.4,18.5,9.1,72,36.1,20,16.6,8.4,74.9
2017,Netherlands,83.4,44.1,25.4,21.2,9.6,80.2,41.2,22.8,18.7,8.2,81.8
2017,New Zealand,83.4,44.5,25.9,21.5,9.9,79.9,41.5,23.4,19.2,8.6,81.7
2017,Norway,84.3,44.9,26,21.6,10,81,42,23.5,19.3,8.5,82.7
2017,Poland,81.8,42.6,24.3,20.2,9.5,73.9,35.6,19.2,15.9,7.8,77.8
2017,Portugal,84.6,45.3,26.6,22.1,10.1,78.4,39.5,22.1,18.3,8.1,81.6
2017,Slovak Republic,80.7,41.6,23.3,19.1,8.3,73.8,35.4,18.6,15.3,7.1,77.3
2017,Slovenia,84,44.7,25.9,21.7,10,78.2,39.2,21.3,17.6,7.9,81.2
2017,Spain,86.1,46.7,27.8,23.4,11,80.6,41.5,23.3,19.3,9,83.4
2017,Sweden,84.1,44.8,25.9,21.5,9.8,80.8,41.9,23.4,19.2,8.4,82.5
2017,Switzerland,85.6,46.3,27.3,22.8,10.7,81.6,42.6,24.1,20,9.1,83.7
2017,Türkiye,80.8,42.3,23.5,19.2,8.6,75.3,37.5,19.7,16,7.1,78.1
2017,United Kingdom,83,43.8,25.3,21,9.7,79.3,40.6,22.7,18.6,8.4,81.1
2017,United States,81.1,42.6,24.7,20.6,9.8,76.1,38.7,21.7,18,8.4,78.6
2017,  Argentina,79.7,..,..,..,..,72.9,..,..,..,..,76.3
2017,  Brazil,77.8,41.8,24.1,20.1,10.3,71.1,36.7,20.5,16.9,8.6,74.4
2017,  Bulgaria,78.4,39.6,21.8,17.8,7.4,71.4,33.3,17.2,14.1,6.4,74.8
2017,  China (People's Republic of),80.1,..,..,..,..,74.6,..,..,..,..,77.2
2017,  Croatia,81,41.8,23.2,18.9,8,74.9,36.3,19,15.5,6.9,78.0
2017,  India,71.5,..,..,..,..,68.8,..,..,..,..,70.1
2017,  Indonesia,71.8,..,..,..,..,67.9,..,..,..,..,69.8
2017,  Peru,78,..,..,..,..,73.7,..,..,..,..,75.8
2017,  Romania,79,40.3,22.3,18.3,8.1,71.6,33.6,17.7,14.7,7.1,75.2
2017,  Russia,77.6,..,..,18,7.9,67.5,..,..,13.7,7,72.6
2017,  South Africa,67.8,..,..,..,..,61.3,..,..,..,..,64.7
2018,Australia,84.9,45.7,27,22.6,10.6,80.7,42.1,24,19.9,9.1,82.7
2018,Austria,84.1,44.7,26,21.6,9.8,79.4,40.5,22.4,18.5,8.6,81.8
2018,Belgium,83.9,44.7,26.1,21.9,10.3,79.4,40.6,22.6,18.6,8.6,81.7
2018,Canada,84,45.1,26.4,22.1,10.7,79.8,41.5,23.5,19.4,9.1,81.9
2018,Chile,83.2,44.5,26,21.7,10.7,77.7,39.8,22.2,18.3,8.8,80.4
2018,Colombia,79.8,42.4,24.1,19.9,9.7,73.3,38.3,21.1,17.3,8.7,76.5
2018,Costa Rica,82.9,44.1,25.5,21.3,10.2,77.8,40.2,22.6,18.7,9.1,80.3
2018,Czechia,82,42.7,24.1,19.8,8.8,76.2,37.4,19.9,16.2,7.5,79.1
2018,Denmark,82.9,43.6,24.9,20.7,9.5,79.1,40.1,22,18,7.9,81.0
2018,Estonia,82.7,43.5,24.9,20.6,9.7,74,35.5,18.9,15.7,7.7,78.5
2018,Finland,84.5,45.2,26.4,22,10.2,79.1,40.4,22.5,18.6,8.5,81.8
2018,France,85.8,46.7,28.1,23.8,11.7,79.7,41.1,23.5,19.7,9.4,82.8
2018,Germany,83.3,44,25.3,21.1,9.6,78.6,39.7,21.8,18,8.3,81.0
2018,Greece,84.4,45.1,26.3,21.9,9.9,79.3,40.5,22.9,19.1,9.3,81.9
2018,Hungary,79.6,40.4,22.4,18.5,8.3,72.7,33.9,17.5,14.6,7,76.2
2018,Iceland,84.5,45.1,26.2,21.7,9.9,81.3,42.7,24.2,20,9,82.9
2018,Ireland,84.1,44.8,26,21.6,10.2,80.4,41.4,23.2,19,8.7,82.2
2018,Israel,84.8,45.5,26.5,22.1,10.2,80.9,42,23.8,19.7,9.1,82.9
2018,Italy,85.6,46.2,27.3,22.8,10.7,81.2,42.1,23.7,19.6,9,83.4
2018,Japan,87.3,48,29,24.5,11.9,81.3,42.2,23.8,19.7,9.1,84.3
2018,Korea,85.7,46.5,27.5,22.8,10.3,79.7,40.8,22.8,18.7,8.1,82.7
2018,Latvia,79.7,40.8,23,19,8.5,70.1,32.4,17.2,14.1,6.9,75.1
2018,Lithuania,80.7,41.8,23.8,19.7,8.8,70.9,33.3,17.6,14.5,7.2,76.0
2018,Luxembourg,84.6,45.4,26.5,22.1,10.6,80.1,41.1,22.8,18.8,8.6,82.3
2018,Mexico,77.9,40.1,22.4,18.6,9.2,72.2,36.2,20,16.6,8.4,75.0
2018,Netherlands,83.4,44.1,25.4,21.1,9.6,80.3,41.3,22.9,18.7,8.3,81.9
2018,New Zealand,83.5,44.6,25.9,21.6,9.9,80,41.6,23.5,19.3,8.6,81.7
2018,Norway,84.5,45.1,26.1,21.7,10,81.1,42.2,23.6,19.4,8.7,82.8
2018,Poland,81.7,42.5,24.2,20.1,9.5,73.7,35.5,19.1,15.8,7.8,77.7
2018,Portugal,84.5,45.3,26.5,22,10,78.3,39.4,22,18.2,8.1,81.5
2018,Slovak Republic,80.8,41.7,23.4,19.3,8.5,73.9,35.5,18.8,15.4,7.2,77.4
2018,Slovenia,84.4,44.9,26.1,21.8,10.2,78.5,39.5,21.6,17.8,8.2,81.5
2018,Spain,86.3,46.9,28,23.5,11.2,80.7,41.6,23.4,19.5,9.2,83.5
2018,Sweden,84.3,45,26,21.6,9.9,80.9,42,23.4,19.2,8.5,82.6
2018,Switzerland,85.7,46.4,27.4,23,10.8,81.9,42.9,24.4,20.2,9.3,83.8
2018,Türkiye,81,42.5,23.7,19.4,8.7,75.6,37.7,19.9,16.2,7.3,78.3
2018,United Kingdom,82.9,43.8,25.3,21,9.7,79.2,40.6,22.7,18.7,8.4,81.1
2018,United States,81.2,42.7,24.8,20.7,9.8,76.2,38.7,21.7,18.1,8.4,78.7
2018,  Argentina,80.1,..,..,..,..,73.5,..,..,..,..,76.8
2018,  Brazil,78,42,24.3,20.3,10.4,71.6,36.9,20.6,17.1,8.6,74.8
2018,  Bulgaria,78.6,39.8,22,18,7.6,71.5,33.4,17.3,14.2,6.5,75.0
2018,  China (People's Republic of),80.3,..,..,..,..,74.4,..,..,..,..,77.2
2018,  Croatia,81.5,42.2,23.6,19.3,8.2,74.9,36.4,19.1,15.7,7.1,78.2
2018,  India,71.9,..,..,..,..,69.2,..,..,..,..,70.5
2018,  Indonesia,71.9,..,..,..,..,68,..,..,..,..,69.9
2018,  Peru,78.1,..,..,..,..,73.7,..,..,..,..,75.9
2018,  Romania,79.2,40.4,22.4,18.4,8.1,71.7,33.5,17.7,14.7,7.2,75.3
2018,  Russia,77.8,..,..,18.1,8,67.8,..,..,13.8,7.2,72.8
2018,  South Africa,68.4,..,..,..,..,62,..,..,..,..,65.4
2019,Australia,85,45.9,27.1,22.7,10.7,80.9,42.2,24.1,20,9.2,82.9
2019,Austria,84.2,44.9,26.1,21.7,10,79.7,40.8,22.7,18.7,8.6,82.0
2019,Belgium,84.3,45,26.4,22.1,10.6,79.8,41,22.9,18.9,8.9,82.1
2019,Canada,84.4,45.4,26.7,22.4,10.9,80.2,41.8,23.7,19.6,9.2,82.3
2019,Chile,83.4,44.6,26.1,21.8,10.8,77.9,39.9,22.4,18.5,8.9,80.6
2019,Colombia,79.9,42.4,24.1,20,9.8,73.5,38.4,21.1,17.4,8.8,76.6
2019,Costa Rica,83,44.2,25.6,21.3,10.3,77.9,40.3,22.7,18.8,9.1,80.5
2019,Czechia,82.2,43,24.3,20.1,9,76.4,37.7,20.1,16.4,7.5,79.3
2019,Denmark,83.5,44.1,25.3,21,9.8,79.5,40.5,22.3,18.4,8.4,81.5
2019,Estonia,83,43.9,25.4,21.1,9.9,74.5,35.9,19.3,15.8,8,79.0
2019,Finland,84.8,45.6,26.7,22.3,10.5,79.3,40.8,22.8,18.8,8.7,82.1
2019,France,85.9,46.8,28.2,23.9,11.8,79.9,41.3,23.6,19.8,9.6,83.0
2019,Germany,83.7,44.4,25.7,21.4,9.9,79,40.1,22.1,18.3,8.5,81.3
2019,Greece,84.2,44.9,26.1,21.7,9.6,79.2,40.4,22.8,19,9.1,81.7
2019,Hungary,79.7,40.6,22.5,18.6,8.3,73.1,34.3,17.8,14.8,7.2,76.5
2019,Iceland,84.7,45.2,26.4,22,10,81.7,42.6,24.2,20,8.9,83.2
2019,Ireland,84.7,45.3,26.5,22.1,10.5,80.8,41.8,23.5,19.4,8.9,82.8
2019,Israel,84.7,45.4,26.4,22,10.1,81,42.1,23.8,19.7,9.1,82.9
2019,Italy,85.7,46.3,27.3,22.9,10.8,81.4,42.3,23.8,19.7,9,83.6
2019,Japan,87.4,48.1,29.2,24.6,12,81.4,42.4,24,19.8,9.2,84.4
2019,Korea,86.3,47.1,28.1,23.4,10.7,80.3,41.3,23.3,19.1,8.4,83.3
2019,Latvia,80.1,41.3,23.5,19.4,8.8,70.9,33,17.5,14.4,7.1,75.7
2019,Lithuania,81.2,42.2,24.2,20,9.2,71.6,33.7,18,14.8,7.5,76.5
2019,Luxembourg,85.2,45.6,26.8,22.4,10.6,80.2,41.5,23.1,19.2,8.8,82.7
2019,Mexico,78,40.2,22.5,18.6,9.2,72.2,36.2,20.1,16.6,8.4,75.1
2019,Netherlands,83.7,44.4,25.7,21.4,9.9,80.6,41.6,23.2,19,8.4,82.2
2019,New Zealand,83.9,44.9,26.3,21.9,10.2,80.3,41.8,23.8,19.6,8.9,82.1
2019,Norway,84.7,45.3,26.3,21.9,10.2,81.3,42.4,23.8,19.6,8.8,83.0
2019,Poland,81.9,42.8,24.4,20.4,9.7,74.1,35.8,19.4,16.1,8,78.0
2019,Portugal,84.8,45.5,26.8,22.3,10.2,78.7,39.8,22.2,18.5,8.4,81.9
2019,Slovak Republic,81.2,42.2,23.8,19.7,8.9,74.3,36,19.1,15.7,7.7,77.8
2019,Slovenia,84.5,45,26.1,21.8,10.2,78.7,39.9,21.9,18.1,8.7,81.6
2019,Spain,86.7,47.3,28.4,23.9,11.6,81.1,42,23.8,19.8,9.4,84.0
2019,Sweden,84.8,45.5,26.5,22.1,10.3,81.5,42.5,23.9,19.6,8.8,83.2
2019,Switzerland,85.8,46.5,27.4,23,10.9,82.1,43.1,24.5,20.3,9.4,84.0
2019,Türkiye,81.3,42.7,23.9,19.6,8.8,75.9,37.9,20.1,16.3,7.3,78.6
2019,United Kingdom,83.3,44.2,25.6,21.4,10,79.6,40.9,23,19,8.6,81.4
2019,United States,81.4,42.9,24.9,20.8,9.9,76.3,38.8,21.9,18.2,8.5,78.8
2019,  Argentina,80.3,..,..,..,..,73.6,..,..,..,..,77.0
2019,  Brazil,78.3,42.2,24.4,20.4,10.5,72,37.1,20.7,17.2,8.7,75.1
2019,  Bulgaria,78.8,40.1,22.1,18.1,7.7,71.6,33.5,17.3,14.2,6.6,75.1
2019,  China (People's Republic of),80.6,..,..,..,..,75,..,..,..,..,77.7
2019,  Croatia,81.6,42.4,23.8,19.5,8.5,75.5,36.8,19.5,15.9,7.3,78.6
2019,  India,72.1,..,..,..,..,69.4,..,..,..,..,70.7
2019,  Indonesia,72.4,..,..,..,..,68.3,..,..,..,..,70.3
2019,  Peru,78.3,..,..,..,..,73.8,..,..,..,..,76.0
2019,  Romania,79.5,40.7,22.7,18.6,8.4,71.9,33.7,17.9,14.9,7.4,75.6
2019,  Russia,78.2,..,..,..,..,68.2,..,..,..,..,73.2
2019,  South Africa,68.7,..,..,..,..,62.2,..,..,..,..,65.7
2020,Australia,85.3,46.1,27.4,23,10.9,81.2,42.5,24.4,20.3,9.3,83.2
2020,Austria,83.6,44.3,25.4,21,9.4,78.9,40,21.8,17.9,8,81.3
2020,Belgium,83,43.8,25.1,20.8,9.3,78.5,39.7,21.6,17.6,7.8,80.8
2020,Canada,84,45.1,26.5,22.1,10.7,79.5,41.3,23.5,19.4,9.1,81.7
2020,Chile,83.6,44.8,26.3,22,10.9,78.1,40.1,22.5,18.6,9,80.8
2020,Colombia,80,42.5,24.2,20,9.8,73.6,38.5,21.1,17.4,8.8,76.7
2020,Costa Rica,83.2,44.3,25.7,21.4,10.3,78.1,40.3,22.8,18.8,9.2,80.6
2020,Czechia,81.3,42,23.4,19.1,8.1,75.3,36.5,18.9,15.2,6.6,78.3
2020,Denmark,83.6,44.2,25.4,21.2,9.9,79.7,40.7,22.4,18.4,8.3,81.6
2020,Estonia,83,43.7,25.3,21.1,9.8,74.4,35.8,19.2,15.9,7.9,78.9
2020,Finland,84.8,45.5,26.6,22.2,10.4,79.2,40.6,22.8,18.8,8.7,82.0
2020,France,85.3,46.1,27.5,23.1,11.1,79.2,40.5,22.9,19,8.9,82.3
2020,Germany,83.5,44.2,25.5,21.2,9.7,78.7,39.7,21.8,18,8.3,81.1
2020,Greece,83.9,44.5,25.8,21.4,9.4,78.8,40,22.3,18.5,8.9,81.4
2020,Hungary,79,39.8,21.8,17.9,8,72.3,33.5,17,14,6.7,75.7
2020,Iceland,84.6,45.2,26.4,22,10,81.6,42.9,24.6,20.3,9.5,83.1
2020,Ireland,84.4,45.1,26.3,21.9,10.4,80.8,41.9,23.6,19.4,8.9,82.6
2020,Israel,84.8,45.4,26.4,22,10,80.6,41.6,23.3,19.2,8.8,82.7
2020,Italy,84.5,45,26.1,21.7,9.7,80,40.8,22.4,18.3,8.1,82.3
2020,Japan,87.7,48.4,29.4,24.9,12.3,81.6,42.5,24.1,20,9.3,84.6
2020,Korea,86.5,47.3,28.2,23.6,10.8,80.5,41.5,23.4,19.2,8.4,83.5
2020,Latvia,80,41,23.1,19.1,8.5,70.6,32.6,17.1,14,6.9,75.5
2020,Lithuania,80.1,41,23.2,19.1,8.6,70.1,32,16.7,13.6,6.8,75.1
2020,Luxembourg,84.5,45.3,26.3,21.8,10.2,79.9,40.9,22.5,18.5,8.2,82.2
2020,Mexico,78.1,40.2,22.5,18.7,9.2,72.4,36.3,20.1,16.7,8.5,75.2
2020,Netherlands,83.1,43.8,25.1,20.7,9.3,79.7,40.7,22.3,18.2,7.8,81.4
2020,New Zealand,84.1,45.1,26.5,22.1,10.3,80.5,42,23.9,19.8,9,82.3
2020,Norway,84.9,45.5,26.5,22.1,10.3,81.6,42.6,24,19.8,8.9,83.3
2020,Poland,80.7,41.5,23.2,19.2,8.8,72.5,34.2,17.8,14.6,6.8,76.5
2020,Portugal,84.1,44.8,26,21.6,9.6,78,39.1,21.6,17.8,7.9,81.1
2020,Slovak Republic,80.4,41.4,23.1,18.9,8.4,73.5,35.2,18.2,14.8,6.9,77.0
2020,Slovenia,83.4,43.9,25,20.6,8.9,77.8,38.8,20.9,16.9,7.4,80.6
2020,Spain,85.2,45.7,26.8,22.4,10.2,79.6,40.5,22.3,18.4,8.3,82.4
2020,Sweden,84.2,44.9,25.8,21.4,9.6,80.6,41.7,23.1,18.9,8.1,82.4
2020,Switzerland,85.1,45.8,26.7,22.2,10.1,81,42.1,23.5,19.3,8.4,83.1
2020,United Kingdom,82.4,43.3,24.8,20.6,9.3,78.4,39.7,22,18,7.9,80.4
2020,United States,79.9,41.5,23.8,19.8,9.2,74.2,37,20.5,17,7.8,77.0
2020,  Argentina,80.7,..,..,..,..,73.9,..,..,..,..,77.3
2020,  Brazil,78.5,42.4,24.6,20.6,10.6,72.2,37.2,20.8,17.3,8.7,75.3
2020,  Bulgaria,77.5,38.6,21,17.1,7.3,70,31.7,15.9,12.9,5.9,73.6
2020,  China (People's Republic of),80.8,..,..,..,..,75.3,..,..,..,..,78.0
2020,  Croatia,80.9,41.7,23.1,18.8,8,74.7,36,18.6,15.1,6.8,77.8
2020,  India,72.4,..,..,..,..,69.5,..,..,..,..,70.9
2020,  Indonesia,72.6,..,..,..,..,68.5,..,..,..,..,70.5
2020,  Peru,78.5,..,..,..,..,73.9,..,..,..,..,76.2
2020,  Romania,78.3,39.5,21.6,17.7,7.9,70.4,32.1,16.3,13.4,6.5,74.2
2020,  South Africa,69.1,..,..,..,..,62.8,..,..,..,..,66.2
2021,Australia,85.4,46.2,27.4,23,10.9,81.3,42.6,24.5,20.3,9.4,83.3
2021,Austria,83.7,44.3,25.5,21.1,9.6,78.8,40,21.9,18,8.2,81.3
2021,Belgium,84.3,45.1,26.4,22.1,10.8,79.4,40.6,22.5,18.5,8.7,81.9
2021,Canada,84,45.2,26.6,22.3,10.9,79.3,41.2,23.5,19.5,9.2,81.6
2021,Chile,83.8,45,26.4,22.1,11,78.3,40.3,22.7,18.8,9.1,81.0
2021,Colombia,80,..,..,..,..,73.7,..,..,..,..,76.8
2021,Costa Rica,83.3,44.4,25.8,21.5,10.3,78.2,40.4,22.8,18.9,9.2,80.8
2021,Czechia,80.5,41.2,22.8,18.6,8.1,74.1,35.3,18,14.5,6.5,77.2
2021,Denmark,83.3,44,25.2,20.9,9.6,79.6,40.6,22.3,18.3,8.2,81.5
2021,Estonia,81.4,42.2,23.9,19.6,8.9,72.7,34.3,17.7,14.5,6.8,77.2
2021,Finland,84.6,45.3,26.5,22.1,10.2,79.3,40.5,22.5,18.6,8.5,81.9
2021,France,85.5,46.3,27.7,23.3,11.4,79.3,40.7,23,19.2,9.2,82.4
2021,Germany,83.3,44,25.3,21.1,9.8,78.4,39.4,21.6,17.8,8.3,80.8
2021,Greece,82.9,43.6,25,20.7,9.1,77.4,38.7,21.3,17.6,8.2,80.2
2021,Hungary,77.8,38.7,21,17.3,7.8,70.7,32.1,16,13.2,6.4,74.3
2021,Iceland,84.6,45.3,26.3,21.9,10.1,81.8,43.2,24.8,20.5,9.6,83.2
2021,Ireland,84.3,44.9,26.2,21.8,10.3,80.5,41.5,23.3,19.2,8.8,82.4
2021,Israel,84.6,45.3,26.3,21.8,9.9,80.5,41.7,23.4,19.3,8.9,82.6
2021,Italy,84.9,45.5,26.6,22.1,10.2,80.5,41.4,23,18.9,8.6,82.7
2021,Japan,87.6,48.2,29.3,24.7,12.1,81.5,42.4,24,19.9,9.2,84.5
2021,Korea,86.6,47.4,28.4,23.7,11,80.6,41.7,23.5,19.3,8.5,83.6
2021,Latvia,78,39,21.5,17.6,7.6,68.2,30.4,15.7,12.7,6.1,73.1
2021,Lithuania,78.8,39.8,22.2,18.2,7.9,69.5,31.6,16.3,13.2,6.2,74.2
2021,Luxembourg,84.8,45.6,26.6,22.2,10.5,80.5,41.3,23,19,8.8,82.7
2021,Mexico,78.2,..,..,..,..,72.5,..,..,..,..,75.4
2021,Netherlands,83,43.8,25.1,20.8,9.5,79.7,40.7,22.4,18.2,7.9,81.4
2021,New Zealand,84,45,26.3,22,10.3,80.5,42,23.9,19.7,9,82.3
2021,Norway,84.7,45.3,26.3,21.8,10,81.7,42.6,24,19.8,8.9,83.2
2021,Poland,79.6,40.5,22.3,18.4,8.3,71.6,33.4,17.2,14,6.6,75.5
2021,Portugal,84.4,45.2,26.4,22,10,78.5,39.6,22.1,18.3,8.4,81.5
2021,Slovak Republic,78.2,39.2,21.1,17.1,7.3,71.2,32.8,16.4,13.3,6.1,74.6
2021,Slovenia,83.8,44.4,25.5,21.2,9.7,77.7,38.7,20.9,17.2,7.9,80.7
2021,Spain,86.2,46.8,27.9,23.5,11.3,80.4,41.3,23.2,19.2,9.1,83.3
2021,Sweden,84.9,45.6,26.6,22.1,10.4,81.3,42.4,23.8,19.6,8.8,83.1
2021,Switzerland,85.8,46.5,27.4,23,10.9,81.8,42.8,24.3,20.1,9.4,83.9
2021,United States,79.3,..,..,19.7,..,73.5,..,..,17,..,76.4
2021,  Argentina,79.3,..,..,..,..,72.5,..,..,..,..,75.9
2021,  Brazil,77.4,42.5,24.7,20.7,10.6,70.7,37.4,21,17.4,8.8,74.0
2021,  Bulgaria,75.1,36.5,19.2,15.5,6.5,68,30,14.5,11.6,5.1,71.4
2021,  China (People's Republic of),81.1,..,..,..,..,75.3,..,..,..,..,78.1
2021,  Croatia,79.8,40.7,22.3,18.1,7.4,73.6,34.9,17.8,14.4,6.2,76.7
2021,  India,71.8,..,..,..,..,68.6,..,..,..,..,70.2
2021,  Indonesia,71,..,..,..,..,66.7,..,..,..,..,68.8
2021,  Peru,76.8,..,..,..,..,70.8,..,..,..,..,73.7
2021,  Romania,76.6,37.8,20.2,16.4,7.1,69.2,31,15.4,12.5,5.8,72.8
2021,  South Africa,68,..,..,..,..,62.2,..,..,..,..,65.3
2022,Austria,83.5,..,..,..,..,78.8,..,..,..,..,81.1
2022,Belgium,83.9,..,..,..,..,79.6,..,..,..,..,81.8
2022,Chile,84,45.1,26.5,22.2,11.1,78.5,40.5,22.8,18.9,9.2,81.2
2022,Colombia,80.1,..,..,..,..,73.8,..,..,..,..,76.9
2022,Costa Rica,83.5,44.5,25.9,21.5,10.4,78.3,40.5,22.9,18.9,9.2,80.9
2022,Czechia,82,..,..,..,..,76.2,..,..,..,..,79.1
2022,Denmark,83.2,..,..,..,..,79.5,..,..,..,..,81.3
2022,Estonia,82.4,..,..,..,..,73.7,..,..,..,..,78.2
2022,Finland,83.8,..,..,..,..,78.7,..,..,..,..,81.2
2022,France,85.2,..,..,..,..,79.4,..,..,..,..,82.3
2022,Germany,..,..,..,..,..,..,..,..,..,..,80.7
2022,Greece,83.3,..,..,..,..,78.1,..,..,..,..,80.7
2022,Hungary,79.5,..,..,..,..,72.7,..,..,..,..,76.2
2022,Iceland,83.4,..,..,..,..,81,..,..,..,..,82.1
2022,Israel,84.9,45.5,26.5,22,9.9,80.9,41.9,23.5,19.4,8.7,82.9
2022,Italy,85,..,..,..,..,80.9,..,..,..,..,83.0
2022,Latvia,79.6,..,..,..,..,69.8,..,..,..,..,74.8
2022,Lithuania,80.3,..,..,..,..,71.5,..,..,..,..,76.0
2022,Luxembourg,85.3,..,..,..,..,80.9,..,..,..,..,83.0
2022,Netherlands,83.2,..,..,..,..,80.3,..,..,..,..,81.7
2022,Norway,84.2,..,..,..,..,81,..,..,..,..,82.6
2022,Poland,81.3,..,..,..,..,73.5,..,..,..,..,77.4
2022,Portugal,84.5,..,..,..,..,78.8,..,..,..,..,81.7
2022,Slovak Republic,80.6,..,..,..,..,73.7,..,..,..,..,77.2
2022,Slovenia,84.1,..,..,..,..,78.6,..,..,..,..,81.3
2022,Spain,85.9,..,..,..,..,80.4,..,..,..,..,83.2
2022,Sweden,84.8,..,..,..,..,81.5,..,..,..,..,83.1
2022,Switzerland,85.4,..,..,..,..,81.6,..,..,..,..,83.5
2022,  Argentina,78.6,..,..,..,..,72.2,..,..,..,..,75.4
2022,  Brazil,76,..,..,..,..,69.6,..,..,..,..,72.8
2022,  Bulgaria,78.1,..,..,..,..,70.8,..,..,..,..,74.3
2022,  China (People's Republic of),81.2,..,..,..,..,75.5,..,..,..,..,78.2
2022,  Croatia,80.8,..,..,..,..,74.6,..,..,..,..,77.7
2022,  India,68.9,..,..,..,..,65.8,..,..,..,..,67.2
2022,  Indonesia,69.7,..,..,..,..,65.5,..,..,..,..,67.6
2022,  Peru,74.7,..,..,..,..,70.1,..,..,..,..,72.4
2022,  Romania,79.3,..,..,..,..,71.5,..,..,..,..,75.3
2022,  South Africa,65,..,..,..,..,59.5,..,..,..,..,62.3
